Age of Milk (Days Since Birth) ,Fat (g/dL),Protein (g/dL),Lactose (g/dL)
134,4.6,1.0,7.5
284,3.4,0.9,7.9
531,3.5,1.4,7.3
58,3.4,1.0,7.2
74,3.7,1.0,7.4
210,4.0,1.1,7.7
75,3.2,0.9,7.7
145,4.1,1.0,7.7
65,2.7,1.1,7.8
351,3.9,1.0,7.6
263,3.6,1.0,7.3
174,4.1,1.0,7.7
146,5.5,1.3,7.4
88,3.1,1.2,7.0
99,3.0,0.9,7.5
147,1.2,0.8,7.4
109,3.1,1.2,7.6
58,3.6,1.1,7.9
105,2.9,0.9,7.4
112,2.9,0.9,7.7
10,3.1,1.5,7.8
138,4.4,1.1,7.8
573,4.0,1.1,7.6
4,3.8,1.5,7.7
183,3.7,0.9,7.5
111,3.2,1.0,7.6
12,4.6,1.3,7.8
5,3.9,1.5,7.7
37,4.0,1.1,7.8
324,4.0,1.1,7.5
315,3.5,0.9,7.0
16,3.7,1.3,7.5
8,3.5,1.4,7.4
54,3.5,1.0,7.3
278,3.7,1.0,7.7
188,4.4,1.1,7.7
21,3.6,1.5,7.8
127,0.7,0.9,8.1
227,5.0,1.1,8.2
88,3.5,1.0,7.9
10,3.3,1.3,7.7
278,3.2,0.9,7.6
78,3.6,1.1,7.8
48,3.5,1.1,7.5
14,3.4,1.2,7.8
82,3.5,1.1,7.8
61,1.0,0.9,7.7
101,3.5,1.0,7.8
103,3.8,1.0,7.7
24,2.9,1.3,7.3
23,3.4,1.3,7.3
21,2.8,1.0,7.1
469,5.2,1.4,7.0
71,3.2,1.2,7.5
111,3.5,1.1,7.8
207,2.9,1.0,7.6
39,2.9,1.3,7.3
154,3.8,0.9,7.7
12,3.5,1.1,8.0
66,3.5,1.1,8.2
160,4.9,0.9,7.0
85,2.8,1.4,7.2
1,3.4,1.3,7.2
20,3.5,1.1,8.0
93,4.9,1.1,7.5
103,3.9,1.4,7.5
20,3.3,1.1,7.9
4,3.1,1.2,7.3
98,4.4,1.1,7.5
23,3.5,1.1,8.2
60,2.9,1.0,7.3
199,3.9,1.1,7.2
6,4.4,1.1,7.2
2,4.1,1.2,6.6
72,5.7,0.9,6.9
11,2.8,1.4,7.0
234,1.7,1.0,7.9
867,4.2,0.8,7.6
249,4.0,0.9,7.8
88,3.6,1.0,7.3
18,3.7,1.1,7.3
242,0.8,1.0,7.5
65,3.4,1.1,7.2
24,3.5,1.0,7.2
120,2.4,0.7,7.0
114,3.8,1.2,7.1
98,3.5,1.1,7.0
95,3.9,1.1,7.1
180,3.7,0.8,7.0
124,3.5,0.9,7.2
119,3.5,0.9,7.3
121,4.9,0.9,7.0
137,4.2,1.1,7.0
257,2.7,0.9,7.2
79,3.9,1.4,6.7
40,4.1,1.2,7.2
95,3.2,0.8,7.1
328,3.9,0.9,6.9
216,2.7,1.2,6.3
24,3.6,1.3,7.0
6,3.8,1.4,7.3
44,3.6,1.2,7.2
6,2.3,1.4,7.3
43,5.1,2.0,7.1
178,3.4,1.0,7.1
183,3.9,1.0,7.7
203,3.5,0.9,7.4
51,5.1,1.3,7.0
242,3.9,1.0,7.5
276,3.4,0.8,7.2
276,4.1,1.0,7.5
276,3.5,0.9,7.5
204,5.0,0.9,6.9
160,3.6,1.0,7.1
199,3.7,0.8,6.6
21,2.9,1.0,7.1
190,3.9,1.2,7.1
10,3.6,1.3,7.3
49,4.1,1.4,7.1
8,4.1,1.5,7.1
501,5.1,1.1,7.4
72,3.7,1.2,7.0
109,3.8,1.0,7.2
16,3.4,1.2,7.1
143,4.1,1.0,7.2
176,3.5,0.9,7.1
381,3.4,0.8,7.2
39,2.8,1.2,7.5
173,3.5,0.9,7.1
9,2.7,1.1,7.4
26,2.9,1.0,7.1
46,4.2,1.3,7.2
19,3.3,1.3,7.3
164,4.9,1.1,7.7
175,3.9,0.8,7.5
215,3.5,0.9,7.4
215,3.6,0.8,7.4
82,3.5,1.0,7.3
234,4.2,0.9,7.1
312,2.8,0.8,7.4
104,3.6,1.1,7.2
12,3.9,1.4,7.0
19,3.1,1.0,7.3
40,2.5,1.0,7.1
127,3.0,0.9,7.1
150,3.9,1.0,7.2
12,3.4,1.3,7.0
3,3.3,1.3,7.3
33,3.2,1.0,7.4
12,3.4,1.2,7.1
164,3.3,0.9,7.2
182,3.2,0.9,7.2
5,2.6,1.4,7.1
400,4.8,1.1,6.9
71,1.8,1.0,7.3
153,3.9,1.0,7.2
34,2.7,1.3,7.4
283,3.6,0.8,7.3
127,2.1,0.8,7.2
31,2.9,1.2,7.2
7,2.8,1.2,7.2
35,3.4,1.3,7.2
10,3.1,1.4,7.4
15,3.0,1.4,7.3
10,3.2,1.3,7.0
55,3.7,1.0,7.2
96,3.5,1.0,7.3
12,3.2,1.3,7.0
3,2.5,1.4,7.5
20,3.8,1.1,7.3
101,3.9,1.0,7.3
23,3.0,1.3,7.2
38,3.5,1.2,7.0
6,2.4,1.3,7.4
6,3.3,1.8,7.1
171,4.0,0.9,7.5
44,2.5,0.9,7.3
149,3.1,1.0,7.0
115,2.1,1.0,7.1
63,4.5,1.0,7.4
188,2.6,1.1,7.1
420,4.6,1.1,7.0
50,3.1,0.9,7.2
66,4.0,0.9,7.4
64,2.9,0.9,7.0
241,4.9,1.1,7.1
206,3.1,1.1,7.1
7,3.1,1.2,7.0
4,4.4,1.3,7.2
113,2.8,0.9,7.2
31,4.5,1.1,7.0
164,4.6,1.0,7.2
6,4.9,1.4,7.2
174,4.3,1.0,7.3
38,3.7,0.9,6.8
94,3.5,1.0,7.2
172,3.5,0.9,7.1
14,5.1,1.3,7.2
40,3.1,1.2,7.0
10,3.4,1.2,7.1
25,3.3,1.2,7.0
28,3.2,1.1,7.2
27,3.8,1.1,7.1
63,2.8,0.9,6.9
54,3.3,1.0,7.0
4,3.4,1.2,7.1
18,3.4,1.2,7.1
21,3.3,1.2,7.0
33,3.2,1.1,7.2
6,4.4,1.5,7.0
96,5.5,1.2,6.8
284,4.4,1.0,7.0
226,3.8,0.9,6.9
428,3.4,0.9,7.1
144,0.8,0.7,6.8
5,4.4,1.6,7.1
306,5.1,0.9,7.2
154,2.3,0.8,7.0
69,3.0,0.9,7.2
306,5.1,0.9,7.2
398,5.0,0.9,7.3
429,5.4,1.1,7.0
107,4.7,1.2,7.3
162,3.8,1.0,7.2
116,3.8,1.1,7.0
32,2.5,0.9,7.1
117,3.8,1.0,7.2
41,2.7,1.0,7.2
20,4.0,1.1,7.3
114,5.3,1.1,7.4
65,2.7,0.9,7.1
162,4.2,1.1,7.0
9,4.4,1.1,7.2
188,4.0,1.0,7.1
16,3.7,1.4,7.2
37,3.6,1.4,7.2
59,4.0,1.1,7.3
19,2.5,1.1,7.4
10,3.5,1.1,7.5
24,2.4,1.0,7.5
13,2.3,1.3,7.4
35,3.4,1.4,7.3
8,3.5,1.1,7.5
174,4.2,1.1,7.0
118,5.8,0.8,6.9
3,3.9,2.1,6.7
82,3.8,1.0,7.3
4,4.3,1.3,7.5
250,4.1,1.0,7.3
227,3.9,1.1,7.0
41,3.3,1.3,7.2
213,3.9,1.2,7.1
72,4.0,1.1,7.2
297,2.8,0.9,7.2
45,3.3,1.0,7.4
170,2.1,0.7,7.2
74,3.0,0.9,7.0
402,4.0,1.3,7.0
57,2.2,1.0,7.3
3,3.9,2.0,6.8
5,3.4,1.5,6.7
122,2.6,0.9,7.1
52,2.8,1.2,6.9
159,3.4,0.9,7.2
305,3.1,1.2,7.3
268,3.4,0.9,7.0
297,3.1,0.9,7.1
1135,5.2,1.6,6.5
32,2.8,1.3,7.0
32,3.5,1.3,6.9
194,3.7,0.9,7.1
3,2.1,1.2,7.0
112,2.7,1.0,7.2
154,2.1,1.1,7.0
404,3.0,1.1,7.3
142,1.6,0.9,7.0
255,3.7,1.0,7.2
255,2.5,0.9,7.4
194,3.9,0.9,7.3
49,3.3,0.9,7.2
36,3.4,1.2,7.2
6,3.2,1.2,7.1
319,3.3,1.1,7.2
477,3.4,1.0,6.8
188,4.0,0.9,7.2
267,4.0,0.9,7.1
98,2.7,1.1,7.1
373,4.4,0.8,7.0
32,2.4,1.0,7.1
174,3.3,0.9,7.1
86,2.7,1.0,7.0
106,3.9,1.1,7.3
38,2.4,1.0,7.3
172,2.9,0.9,7.1
383,5.5,0.8,6.9
30,2.5,0.9,7.1
187,2.1,0.9,7.2
70,3.7,0.9,7.2
38,3.9,1.1,7.2
105,4.0,1.2,7.3
18,2.5,0.9,6.8
239,2.9,0.9,7.1
123,3.2,0.9,7.1
172,3.8,0.9,7.0
94,3.3,0.9,7.2
143,4.8,1.1,6.9
78,3.7,0.8,7.0
129,5.3,1.1,6.9
392,2.2,0.9,7.3
248,3.5,1.0,7.0
89,4.2,1.2,7.2
74,3.6,0.8,7.3
37,3.6,1.1,7.5
212,4.8,1.1,7.2
392,2.2,0.9,7.3
24,2.4,1.0,7.3
72,3.6,1.1,7.1
4,3.3,1.0,7.3
4,3.1,1.0,7.4
273,3.5,1.1,7.1
273,3.3,1.0,7.2
143,3.6,1.0,7.1
80,2.8,0.9,7.1
113,4.3,0.9,7.0
29,3.0,1.1,6.6
97,4.0,1.1,7.1
45,3.5,1.3,7.3
160,2.9,1.0,7.3
83,2.8,1.0,7.3
83,2.8,1.0,7.3
5,4.3,1.5,7.5
56,3.4,1.1,6.9
201,2.9,0.9,7.0
243,3.3,1.0,7.2
18,4.1,1.5,7.5
37,2.9,1.1,7.1
150,3.5,1.2,7.1
155,3.3,0.9,7.1
157,3.3,0.9,7.2
185,3.7,1.0,7.3
170,3.6,1.0,7.1
177,3.6,0.9,7.0
267,3.9,1.0,6.9
177,3.2,1.0,7.1
160,3.7,1.0,7.4
368,3.9,1.2,6.9
177,3.2,1.0,7.1
6,2.9,1.4,7.2
137,3.4,1.0,7.2
54,3.5,1.2,7.1
233,3.2,0.9,7.1
244,3.7,1.1,7.2
175,2.9,1.1,7.6
37,3.8,1.0,7.6
79,3.1,1.1,7.3
93,3.7,1.1,7.4
122,3.5,1.1,7.4
126,4.2,1.1,7.1
157,4.3,1.0,7.1
140,3.6,1.0,7.1
148,2.0,0.8,7.1
25,3.2,1.3,7.3
119,3.8,0.9,7.3
116,2.6,1.0,7.2
42,2.5,0.9,7.2
44,2.4,0.9,7.3
54,2.3,0.8,7.3
84,3.9,0.9,7.1
7,3.1,1.1,7.0
313,4.9,1.4,6.9
226,2.9,0.9,7.3
85,2.7,1.0,6.9
87,2.8,1.1,7.1
53,3.2,0.9,7.1
95,3.9,1.0,7.1
35,3.2,1.1,7.3
46,4.9,1.5,7.0
99,3.8,1.0,7.0
13,3.9,1.5,7.3
64,3.8,1.1,7.1
12,3.9,1.6,7.3
30,3.7,1.3,7.1
4,3.8,1.6,7.1
52,4.5,1.0,7.1
54,3.2,0.9,7.1
87,4.2,1.0,6.7
13,4.0,0.9,6.7
164,4.8,1.0,6.9
126,4.0,0.9,7.2
30,3.3,1.1,7.2
120,3.8,0.9,7.3
131,2.4,0.8,7.3
40,3.3,1.0,7.1
32,3.4,1.1,7.1
16,3.4,1.1,7.2
218,4.4,1.0,7.2
56,3.1,1.0,6.8
56,3.1,1.0,6.8
476,3.5,0.9,7.1
7,3.8,1.5,7.3
458,4.5,1.1,7.2
147,3.4,0.9,7.1
62,2.8,1.0,7.1
40,3.1,1.0,7.2
534,3.6,0.9,7.4
106,2.5,0.8,6.9
122,3.5,1.1,7.4
185,3.6,1.0,7.1
29,4.0,1.4,7.2
11,3.9,1.2,7.2
368,2.6,1.0,7.4
250,4.7,1.1,7.1
228,2.5,0.8,7.3
10,4.3,1.8,6.9
78,6.1,1.0,6.9
129,2.6,0.8,7.2
150,3.8,1.0,7.1
71,2.5,0.9,7.5
74,2.8,0.9,7.1
4,2.4,1.1,7.1
80,2.8,1.0,7.0
77,2.0,0.7,7.4
66,2.6,1.0,7.2
68,2.9,1.0,7.4
196,5.7,1.0,7.2
55,3.6,1.1,7.1
71,3.7,0.9,7.0
30,3.6,1.0,7.1
12,3.2,1.2,7.3
59,2.2,0.8,7.3
19,3.3,1.1,7.3
71,4.0,0.9,7.0
71,3.9,0.9,7.0
9,2.9,1.2,7.3
73,4.1,0.9,7.2
69,2.8,0.8,7.0
95,3.3,0.8,7.4
148,4.3,1.0,7.1
4,3.8,1.6,7.1
56,3.3,1.4,7.2
73,3.6,0.9,7.3
267,4.5,0.8,7.3
38,4.2,1.1,7.3
58,4.0,1.0,7.2
69,3.6,0.9,7.3
8,2.9,1.2,7.3
72,3.9,0.9,7.0
84,2.9,1.0,7.1
59,3.2,1.1,7.3
301,4.0,0.8,7.0
174,4.9,1.2,7.1
86,3.0,1.2,7.1
328,3.6,0.9,7.2
188,5.2,1.2,7.0
304,3.5,0.8,7.1
52,4.6,1.0,6.8
310,3.9,0.8,7.1
85,3.1,1.1,7.0
65,3.2,1.1,7.0
95,3.1,1.1,7.1
96,3.3,1.0,7.0
119,3.1,1.0,7.2
33,2.9,1.1,7.5
25,3.1,1.1,7.2
263,3.0,0.9,7.3
117,3.0,0.9,7.6
292,0.7,0.8,7.4
26,3.5,1.2,7.1
47,3.9,1.2,7.1
297,2.7,1.0,7.2
131,3.3,1.2,7.1
195,2.0,0.7,7.2
98,3.3,0.9,7.4
48,3.2,1.1,7.3
64,3.8,1.1,7.1
10,4.2,1.7,7.0
189,3.5,1.1,7.5
9,3.5,1.4,7.1
142,3.6,1.0,7.2
106,4.2,1.0,6.9
130,2.8,0.7,7.1
12,4.5,1.3,7.0
52,3.6,0.9,7.1
18,4.8,1.3,7.5
28,4.5,1.3,7.1
91,2.9,0.9,7.1
19,2.4,1.2,7.2
214,2.7,0.8,7.1
165,3.7,0.9,7.3
98,3.3,1.0,7.5
175,3.1,0.8,7.2
160,3.1,0.9,7.1
482,6.1,1.2,6.8
138,3.4,1.0,7.4
241,4.6,1.0,7.2
104,4.0,1.1,7.2
44,2.8,1.0,7.3
195,3.7,1.0,7.1
283,5.0,0.8,7.4
104,4.2,1.1,7.1
258,4.2,0.8,7.2
191,4.8,1.0,6.9
338,2.1,0.9,7.5
82,3.1,1.1,7.1
105,3.9,1.0,6.8
139,4.4,1.1,7.1
114,4.5,1.1,7.0
366,3.2,1.0,7.3
274,5.0,0.9,7.0
179,2.2,0.9,7.3
7,3.9,1.6,7.3
84,2.5,1.1,7.1
374,3.3,1.3,7.3
396,3.9,1.3,7.4
382,3.3,1.1,7.1
535,5.2,1.4,7.0
112,3.9,1.2,6.9
58,3.5,1.3,7.2
40,3.9,1.2,7.1
78,3.9,1.2,7.2
80,2.9,0.9,7.4
88,2.9,1.0,7.6
38,3.2,1.4,7.1
51,3.9,1.2,7.2
299,4.8,1.1,7.1
155,2.9,1.0,7.4
89,2.6,0.9,7.2
8,2.3,1.3,7.3
62,3.3,0.9,7.4
8,3.6,1.7,7.2
45,3.9,0.9,7.4
50,3.5,0.9,7.2
138,3.9,0.9,7.3
77,3.9,1.1,7.3
88,4.7,1.3,7.4
41,3.9,1.1,7.1
38,3.3,1.1,7.1
128,3.4,0.9,7.0
229,5.1,1.0,6.9
93,2.0,0.7,7.3
396,2.4,0.8,7.2
293,4.6,1.0,7.2
49,3.4,0.9,7.2
122,3.5,1.0,7.0
122,2.7,1.0,7.0
109,3.0,1.0,7.1
194,2.9,1.0,7.2
149,5.4,1.2,7.2
133,3.1,0.7,7.3
96,3.2,0.9,7.3
60,3.9,1.1,7.2
79,2.8,1.0,6.9
131,4.5,0.9,7.1
287,3.1,1.1,7.1
124,3.8,1.0,6.9
140,3.1,1.0,7.3
80,3.5,1.0,7.3
81,2.6,1.0,7.2
77,2.9,1.3,7.3
12,3.8,1.3,7.9
61,3.4,0.9,7.2
42,2.3,0.9,7.2
114,3.0,0.8,7.0
111,3.2,1.0,7.1
122,3.1,1.0,7.1
98,2.7,1.0,7.1
130,3.1,1.0,7.2
90,2.9,0.9,7.2
26,4.3,1.2,7.2
18,2.7,1.1,7.5
9,2.9,1.4,7.3
59,3.1,1.0,7.1
9,2.5,1.3,7.5
25,3.6,1.3,6.9
14,2.9,1.3,7.4
98,2.8,0.9,7.0
200,4.0,0.9,7.3
183,3.7,0.9,7.1
137,3.0,0.8,7.2
27,4.8,1.5,7.1
60,3.0,1.1,7.3
304,4.4,0.9,7.2
146,3.5,0.9,7.3
237,2.5,0.8,7.2
132,4.1,1.2,7.0
275,3.0,1.0,7.5
277,3.6,1.0,7.5
270,3.1,1.0,7.3
7,3.5,1.3,7.0
602,4.7,1.3,7.0
104,3.2,0.9,7.3
55,3.4,1.3,7.2
91,2.8,1.1,7.3
141,3.4,1.0,7.2
71,2.9,1.2,7.2
112,3.5,0.9,7.3
323,3.4,1.0,7.4
13,3.7,1.4,7.2
10,3.1,1.6,7.3
2,2.9,1.8,7.1
63,3.5,1.0,7.1
56,3.4,1.0,7.2
152,1.6,0.9,7.5
93,4.8,1.3,7.3
215,3.1,0.8,6.8
123,5.1,1.2,7.4
153,1.4,1.0,7.4
243,2.8,0.7,6.9
61,2.6,1.1,7.2
287,4.6,1.0,7.2
68,2.3,0.8,7.2
51,2.4,0.8,7.0
52,2.6,0.9,7.1
479,3.9,1.1,7.0
50,2.8,1.2,7.2
17,4.8,1.7,7.3
66,2.8,1.1,7.1
31,5.8,1.3,7.3
322,4.4,0.8,7.1
309,5.2,0.8,7.1
180,3.4,0.9,7.3
46,2.9,1.1,7.2
64,4.7,1.2,7.2
312,2.4,1.0,7.2
113,4.0,1.0,7.3
38,3.4,1.0,7.1
184,4.2,1.0,6.9
248,3.7,1.0,7.3
16,2.6,1.0,7.2
229,4.0,1.0,7.3
153,3.0,0.9,7.1
284,3.4,1.0,7.4
172,4.1,1.1,7.2
393,4.0,1.5,7.4
154,2.7,0.9,7.0
3,3.8,1.6,7.2
22,3.3,1.4,7.3
87,4.2,0.9,7.1
49,4.0,1.1,7.2
35,3.7,1.3,7.1
313,2.4,1.1,7.3
10,3.5,1.3,7.3
102,4.1,1.2,7.2
9,4.6,2.1,7.1
5,2.9,1.5,7.2
11,4.0,1.4,7.3
55,3.5,1.0,7.1
87,4.1,1.0,7.1
157,4.6,1.0,6.9
31,4.0,1.2,7.2
147,4.4,0.8,7.4
94,1.9,0.7,7.6
81,3.1,1.2,7.2
120,2.8,0.8,7.2
97,2.4,0.9,7.3
98,2.8,0.8,7.3
25,5.5,1.4,7.0
45,2.5,1.1,7.0
30,2.8,1.1,6.9
76,2.6,1.1,7.2
27,3.7,1.2,7.1
102,2.8,0.8,7.3
21,4.0,1.5,7.2
193,2.4,0.9,7.4
20,2.7,1.2,7.5
455,3.6,1.0,7.2
200,3.2,0.9,7.2
222,3.2,0.9,7.3
195,3.3,0.9,7.1
11,3.9,1.4,7.3
19,3.9,1.2,7.3
11,4.1,1.3,7.3
29,3.2,1.2,7.2
32,3.1,1.1,7.2
12,3.0,1.2,7.3
10,3.9,1.3,7.3
84,3.6,1.0,7.3
124,3.3,0.7,7.3
21,4.2,1.0,7.1
20,3.7,1.3,7.1
29,4.1,1.2,7.1
28,3.8,1.2,7.2
84,3.5,0.8,7.2
35,3.8,1.2,7.2
117,3.4,1.0,7.1
173,3.2,1.0,7.3
378,5.5,1.1,7.2
177,3.1,0.9,7.2
147,3.0,1.1,7.2
38,3.1,1.0,7.3
23,4.1,1.0,7.3
25,4.0,1.0,7.4
28,4.0,1.0,7.5
202,3.5,1.0,7.3
121,4.3,1.0,7.2
129,4.2,0.9,7.3
58,3.8,1.2,6.8
327,3.3,1.1,7.1
341,5.7,0.8,7.0
353,5.0,1.2,7.0
22,2.8,1.2,7.4
96,3.1,1.0,6.9
5,2.9,1.5,7.2
120,2.8,0.9,7.0
120,2.8,0.9,7.0
15,2.9,1.5,7.2
10,3.3,1.3,7.3
11,3.3,1.3,7.3
79,3.5,1.1,7.0
18,3.2,1.2,7.1
47,3.8,1.0,7.1
13,3.5,1.4,7.2
61,3.7,1.3,7.2
26,3.7,1.4,7.4
5,4.0,1.5,7.3
247,1.5,0.7,7.3
38,3.9,1.2,7.4
67,3.2,1.0,6.9
207,4.1,1.1,7.0
122,4.1,0.9,7.4
73,3.4,1.0,7.2
43,4.0,0.8,7.3
9,2.8,1.3,7.4
273,4.9,1.0,7.2
94,3.7,1.3,6.6
300,5.1,1.0,7.1
46,4.0,0.8,7.1
20,3.5,1.0,7.1
38,4.1,1.2,7.1
9,4.6,1.5,7.3
34,3.2,1.2,7.2
22,3.8,1.0,7.1
43,5.2,1.3,7.5
158,3.6,0.8,7.1
21,3.6,1.1,7.4
2,3.8,1.3,7.1
57,3.6,1.2,7.1
268,2.3,0.9,7.2
116,5.4,1.0,7.1
91,1.9,1.0,7.1
3,3.2,1.5,7.3
100,2.8,1.2,7.2
8,3.2,1.4,7.4
68,6.0,0.9,6.8
46,2.4,1.0,7.2
207,5.8,1.0,7.2
81,6.5,1.0,7.1
178,5.8,1.0,7.2
143,3.6,1.2,7.1
10,3.5,1.1,7.5
182,3.0,1.0,7.4
82,3.5,1.1,7.4
13,4.7,1.5,7.4
143,4.0,1.2,7.2
6,2.8,1.2,7.6
112,3.8,1.1,7.2
61,5.4,1.1,7.1
144,3.6,1.1,7.2
203,3.8,1.1,7.3
126,3.9,1.1,7.2
15,3.3,1.2,7.1
4,3.0,1.3,7.2
7,2.8,1.2,7.6
33,3.2,1.1,7.4
57,2.3,0.8,7.2
16,3.0,1.1,7.2
63,4.4,0.9,7.2
35,3.0,1.0,7.4
119,1.7,0.8,7.2
42,3.3,1.0,7.4
68,2.7,0.8,7.4
52,3.3,1.0,7.6
48,3.1,1.0,7.4
56,2.6,0.9,7.4
82,2.2,0.7,7.1
45,3.5,0.9,7.2
45,3.7,1.0,7.2
11,3.3,1.5,7.2
84,4.7,1.3,7.1
59,2.3,0.8,7.2
38,3.3,1.0,7.4
44,3.1,1.0,7.5
45,3.1,1.0,7.4
36,3.4,1.2,7.3
72,3.5,0.9,7.2
72,3.7,1.0,7.2
110,2.9,1.1,7.2
109,3.0,0.8,7.2
223,1.4,0.7,7.2
305,3.6,0.9,7.5
8,5.2,1.3,7.5
9,5.2,1.4,7.4
128,3.9,1.1,7.0
131,4.5,1.1,7.3
36,3.4,1.2,7.3
66,3.0,1.1,7.2
7,4.7,1.4,7.2
15,4.4,1.6,7.1
185,2.6,1.0,7.4
91,3.5,1.0,7.5
95,3.3,1.1,7.3
86,3.9,1.0,7.2
201,5.6,1.1,7.6
95,4.2,0.9,7.1
2,4.5,1.3,7.1
66,3.7,1.3,7.1
3,5.2,1.4,7.4
14,3.2,1.7,7.3
46,3.0,1.3,7.2
139,2.0,0.7,7.2
213,0.2,0.9,7.4
7,4.5,1.3,7.1
212,3.4,0.9,7.2
221,3.5,0.9,7.0
35,4.8,1.4,7.0
307,5.3,1.2,7.2
323,4.8,1.1,7.2
339,4.6,1.0,7.0
128,3.6,0.9,7.2
15,3.9,1.5,7.2
4,2.3,1.3,7.0
185,3.8,1.1,7.1
117,3.1,0.9,7.3
46,3.3,1.0,7.3
73,3.3,0.9,7.1
140,4.6,1.0,7.2
84,3.7,1.1,7.1
17,2.9,1.2,7.4
76,3.2,1.2,7.1
17,3.8,1.1,7.1
30,2.9,1.0,7.2
150,3.4,0.8,7.2
90,2.8,1.0,7.3
19,4.0,1.3,7.4
30,4.7,1.4,7.1
6,3.1,1.6,7.3
18,3.9,1.4,7.4
332,4.3,1.0,7.2
37,3.4,1.2,7.2
22,3.2,1.1,7.2
13,2.3,1.4,7.3
88,3.0,1.0,7.1
90,3.7,1.1,7.0
89,3.1,1.0,7.0
74,3.4,1.1,7.1
104,3.1,1.0,7.1
280,4.3,1.0,7.2
276,4.3,0.9,7.2
156,3.8,1.1,7.2
316,4.1,0.8,7.2
218,4.5,0.9,7.8
308,4.0,1.0,7.2
306,4.0,1.0,7.2
193,4.4,0.9,7.3
373,3.7,0.7,7.1
343,5.8,1.2,7.3
49,3.2,1.0,7.1
48,2.6,1.1,7.3
63,2.7,1.0,7.2
102,3.3,1.0,7.3
158,4.0,1.0,7.2
77,4.0,1.2,7.3
87,4.5,1.1,7.3
107,4.2,1.1,7.3
71,3.3,1.1,7.3
100,4.4,1.1,7.2
163,3.9,1.0,7.3
150,1.8,0.8,7.3
270,4.1,1.0,7.3
99,3.8,1.0,7.4
214,4.2,1.0,7.4
194,5.0,1.0,7.7
95,3.2,1.1,7.2
220,5.1,1.0,7.2
87,3.8,0.9,7.2
232,3.9,0.9,7.2
392,5.7,1.4,7.0
402,3.7,1.2,7.3
45,3.6,1.2,7.3
39,4.6,1.3,7.1
422,2.3,0.9,7.5
43,4.0,1.1,7.2
301,3.1,0.9,7.4
182,3.6,0.9,6.9
121,4.1,1.2,6.9
252,3.6,0.9,7.4
289,3.2,0.9,7.4
117,1.9,0.7,7.1
48,4.0,1.3,7.1
295,4.4,1.0,7.4
562,4.5,1.0,7.0
24,3.8,1.1,7.3
137,1.9,0.7,7.3
20,4.2,1.2,7.3
117,4.2,0.9,7.3
42,2.7,1.1,7.3
296,4.1,0.9,7.3
76,2.9,0.9,7.2
53,3.9,0.9,7.2
88,3.3,0.9,7.3
141,3.0,0.9,7.1
87,2.6,0.9,7.2
141,3.4,0.9,7.1
310,4.4,1.0,7.4
229,4.6,1.0,7.2
384,3.0,1.1,7.2
240,4.5,1.0,7.3
158,3.0,0.9,7.2
32,3.7,1.2,7.3
534,3.6,0.9,7.1
131,1.0,1.0,7.3
3,2.9,1.3,7.3
57,3.5,1.1,7.1
19,3.4,1.3,7.2
86,2.8,1.2,7.5
98,2.1,1.2,7.5
220,5.3,1.1,7.0
28,2.8,1.3,7.3
38,3.7,1.2,7.0
11,2.4,1.3,7.4
68,2.1,1.1,7.2
4,2.3,1.5,7.3
49,4.0,1.1,7.2
69,1.8,1.1,7.2
201,4.6,0.9,7.1
377,3.6,1.3,7.2
52,3.7,1.2,7.1
139,2.9,0.9,7.3
20,2.1,1.2,7.4
80,2.8,0.9,7.0
97,4.1,1.1,7.1
208,4.1,0.9,7.2
378,3.6,1.3,7.2
101,3.7,1.1,7.1
6,2.7,1.1,7.2
89,2.2,1.0,7.3
111,2.7,1.0,7.0
249,3.3,1.0,7.0
342,4.2,1.0,7.5
71,4.5,1.1,7.3
264,3.2,0.8,7.2
247,3.3,0.6,7.1
266,3.3,0.7,7.2
216,3.0,0.9,7.1
133,7.1,1.1,6.8
226,4.5,0.9,6.9
299,3.4,0.8,7.0
38,4.2,1.2,7.3
249,3.0,0.6,7.2
57,3.2,1.3,7.2
100,3.7,1.0,7.3
79,3.7,1.0,7.2
67,3.6,0.9,7.3
211,3.2,0.9,7.0
240,3.1,0.9,7.2
228,3.3,1.0,7.2
217,3.3,1.0,7.0
13,3.1,1.1,7.3
14,3.5,1.1,7.2
64,2.6,1.3,7.3
95,3.8,0.8,7.2
68,3.6,0.9,7.1
295,1.7,0.8,7.2
200,2.7,1.0,7.2
128,3.3,0.9,7.1
9,3.3,1.2,7.2
22,3.5,1.0,7.3
7,1.9,1.0,7.2
17,3.6,1.1,7.2
48,2.9,1.4,7.2
230,4.7,1.3,6.9
159,1.9,0.9,7.2
41,2.7,1.1,7.5
7,3.5,1.4,7.4
49,3.6,1.3,7.3
3,3.5,1.2,7.4
23,3.1,1.1,7.2
33,2.7,1.1,7.5
48,3.0,0.9,7.1
377,3.6,1.3,7.1
89,3.2,1.1,7.2
56,4.3,1.1,7.1
434,2.0,1.0,7.2
57,2.1,1.0,7.1
30,2.8,1.2,7.4
21,3.6,1.3,7.3
116,3.6,1.1,7.1
217,5.9,1.3,7.2
77,3.7,1.1,6.9
28,3.5,1.3,7.3
37,2.6,1.2,7.5
25,3.1,1.1,7.2
22,2.9,1.3,7.1
210,3.5,1.1,7.4
48,2.9,1.2,7.1
295,4.8,1.0,7.2
14,2.9,1.3,7.2
118,3.3,1.0,7.3
95,2.9,1.2,6.9
180,2.1,0.7,7.2
81,3.9,1.1,7.2
126,3.9,1.0,7.2
103,3.3,1.2,7.1
93,6.7,0.9,7.1
57,5.5,1.0,7.2
68,5.3,1.0,7.2
220,2.8,0.8,7.0
95,2.8,1.0,7.4
38,3.7,1.2,7.1
8,3.7,1.3,7.3
96,3.4,0.8,6.9
48,4.3,1.3,6.9
84,2.7,1.0,6.9
86,4.1,1.1,7.1
348,4.8,1.2,7.1
53,5.2,1.1,7.3
172,3.0,1.0,7.1
122,3.9,0.8,7.0
39,4.1,1.2,7.1
156,2.4,0.8,7.1
282,3.5,1.1,7.2
163,3.1,0.8,7.1
16,2.8,1.3,7.4
20,3.9,1.1,7.2
24,4.0,1.1,7.3
148,4.4,1.1,7.1
740,6.2,1.5,6.7
161,3.7,1.0,7.4
297,3.9,0.9,6.7
285,4.0,1.0,7.1
124,3.2,0.8,7.0
84,4.0,0.9,8.2
150,3.4,0.7,7.0
150,3.4,0.7,7.0
12,3.8,1.2,7.1
45,3.7,0.8,7.3
44,3.4,1.1,7.0
20,3.5,1.6,7.3
253,4.8,1.2,7.1
48,4.0,1.2,7.1
34,3.6,1.2,7.2
139,1.9,0.9,7.3
290,4.8,1.1,7.1
411,3.0,1.0,6.8
74,2.4,1.1,7.1
235,2.8,1.1,7.3
211,2.6,0.7,7.5
218,3.2,0.7,7.1
123,3.3,0.9,7.3
5,3.4,1.6,6.9
176,3.5,0.8,7.2
289,3.6,0.8,7.2
199,4.9,1.0,7.0
12,4.2,1.5,7.4
514,1.9,1.0,7.4
46,3.5,1.0,7.1
48,3.5,1.0,7.0
321,4.3,1.2,7.1
44,3.1,1.1,7.2
61,2.8,1.2,7.2
58,4.0,0.9,7.3
60,3.1,1.0,7.2
69,2.5,0.9,7.2
88,2.8,0.9,7.1
95,2.1,0.8,7.0
55,4.6,1.0,7.1
40,3.2,1.2,7.8
110,3.0,0.8,6.9
96,3.3,1.1,7.2
68,3.7,1.1,7.2
83,2.4,0.9,7.0
93,3.2,0.9,7.2
103,3.4,1.1,7.2
103,3.4,1.1,7.1
95,3.3,1.1,6.9
154,3.3,1.0,7.3
35,3.5,1.2,7.2
93,3.8,1.2,6.8
124,4.1,1.0,7.0
127,3.6,1.0,8.1
145,3.9,1.0,7.2
326,5.8,1.0,7.1
37,2.9,0.9,7.2
54,3.3,1.0,7.3
98,3.1,1.0,7.1
160,3.5,1.0,7.1
32,3.0,1.1,7.4
26,3.5,1.4,7.5
325,6.0,1.1,7.1
339,6.6,1.1,7.0
221,2.9,1.0,7.4
319,5.9,1.1,7.1
381,5.7,1.1,7.0
75,4.1,1.0,7.2
295,1.7,0.7,7.2
84,4.6,1.0,7.2
101,4.7,1.1,7.2
16,3.4,1.3,7.3
10,3.3,1.3,7.2
79,2.7,1.0,7.1
84,3.1,1.2,7.0
7,4.9,1.6,7.0
193,2.6,0.9,7.1
4,3.0,1.3,7.2
30,4.0,1.3,7.1
95,3.9,1.3,7.0
80,3.6,1.3,6.9
238,3.1,0.9,7.2
219,3.3,0.8,7.1
86,2.6,0.9,7.2
239,3.2,0.9,7.2
269,3.0,0.9,7.1
276,3.0,1.0,7.1
81,3.7,0.9,7.1
330,2.0,0.9,7.0
29,3.7,1.2,7.3
35,3.5,1.1,7.2